Adam,Copeland,adamlcopeland1@gmail.com
sam.copeland1995@gmail.com,neil.copeland@travelcounsellors.com,hazelccopeland1@gmail.com
Sam,Copeland,sam.copeland1995@gmail.com
adamlcopeland1@gmail.com,neil.copeland@travelcounsellors.com,hazelccopeland1@gmail.com
Neil,Copeland,neil.copeland@travelcounsellors.com
adamlcopeland1@gmail.com,sam.copeland1995@gmail.com,hazelccopeland1@gmail.com
Hazel,Copeland,hazelccopeland1@gmail.com
adamlcopeland1@gmail.com,sam.copeland1995@gmail.com,neil.copeland@travelcounsellors.com
Steve,Nobbs,stephennobbs@aol.com
jakkinobbs@aol.com
Jakki,Nobbs,jakkinobbs@aol.com
stephennobbs@aol.com
Steve,Forse,steveforse@virginmedia.com
emmaforse@virginmedia.com
Emma,Forse,emmaforse@virginmedia.com
steveforse@virginmedia.com
Peter,Holder,peterholder@gmail.com
jakkinobbs@aol.com